<?xml version="1.0"?>
<link_info>
   <banner>MSP430 Linker PC v4.4.4</banner>
   <copyright>Copyright (c) 2003-2015 Texas Instruments Incorporated</copyright>
   <link_time>0x55ef1100</link_time>
   <link_errors>0x0</link_errors>
   <output_file>DRV8701_RefDesign_Final.out</output_file>
   <entry_point>
      <name>_c_int00_noargs_noexit</name>
      <address>0xc208</address>
   </entry_point>
   <input_file_list>
      <input_file id="fl-2">
         <path>.\</path>
         <kind>object</kind>
         <file>main.obj</file>
         <name>main.obj</name>
      </input_file>
      <input_file id="fl-31">
         <path>C:\ti\ccsv6\tools\compiler\ti-cgt-msp430_4.4.4\lib\</path>
         <kind>archive</kind>
         <file>rts430_eabi.lib</file>
         <name>boot.obj</name>
      </input_file>
      <input_file id="fl-32">
         <path>C:\ti\ccsv6\tools\compiler\ti-cgt-msp430_4.4.4\lib\</path>
         <kind>archive</kind>
         <file>rts430_eabi.lib</file>
         <name>boot_special.obj</name>
      </input_file>
      <input_file id="fl-33">
         <path>C:\ti\ccsv6\tools\compiler\ti-cgt-msp430_4.4.4\lib\</path>
         <kind>archive</kind>
         <file>rts430_eabi.lib</file>
         <name>copy_decompress_none.obj</name>
      </input_file>
      <input_file id="fl-34">
         <path>C:\ti\ccsv6\tools\compiler\ti-cgt-msp430_4.4.4\lib\</path>
         <kind>archive</kind>
         <file>rts430_eabi.lib</file>
         <name>copy_decompress_rle.obj</name>
      </input_file>
      <input_file id="fl-35">
         <path>C:\ti\ccsv6\tools\compiler\ti-cgt-msp430_4.4.4\lib\</path>
         <kind>archive</kind>
         <file>rts430_eabi.lib</file>
         <name>copy_zero_init.obj</name>
      </input_file>
      <input_file id="fl-36">
         <path>C:\ti\ccsv6\tools\compiler\ti-cgt-msp430_4.4.4\lib\</path>
         <kind>archive</kind>
         <file>rts430_eabi.lib</file>
         <name>div16s.obj</name>
      </input_file>
      <input_file id="fl-37">
         <path>C:\ti\ccsv6\tools\compiler\ti-cgt-msp430_4.4.4\lib\</path>
         <kind>archive</kind>
         <file>rts430_eabi.lib</file>
         <name>div16u.obj</name>
      </input_file>
      <input_file id="fl-38">
         <path>C:\ti\ccsv6\tools\compiler\ti-cgt-msp430_4.4.4\lib\</path>
         <kind>archive</kind>
         <file>rts430_eabi.lib</file>
         <name>epilog.obj</name>
      </input_file>
      <input_file id="fl-39">
         <path>C:\ti\ccsv6\tools\compiler\ti-cgt-msp430_4.4.4\lib\</path>
         <kind>archive</kind>
         <file>rts430_eabi.lib</file>
         <name>exit.obj</name>
      </input_file>
      <input_file id="fl-3a">
         <path>C:\ti\ccsv6\tools\compiler\ti-cgt-msp430_4.4.4\lib\</path>
         <kind>archive</kind>
         <file>rts430_eabi.lib</file>
         <name>exit_gvars.obj</name>
      </input_file>
      <input_file id="fl-3b">
         <path>C:\ti\ccsv6\tools\compiler\ti-cgt-msp430_4.4.4\lib\</path>
         <kind>archive</kind>
         <file>rts430_eabi.lib</file>
         <name>int00.obj</name>
      </input_file>
      <input_file id="fl-3c">
         <path>C:\ti\ccsv6\tools\compiler\ti-cgt-msp430_4.4.4\lib\</path>
         <kind>archive</kind>
         <file>rts430_eabi.lib</file>
         <name>int02.obj</name>
      </input_file>
      <input_file id="fl-3d">
         <path>C:\ti\ccsv6\tools\compiler\ti-cgt-msp430_4.4.4\lib\</path>
         <kind>archive</kind>
         <file>rts430_eabi.lib</file>
         <name>int03.obj</name>
      </input_file>
      <input_file id="fl-3e">
         <path>C:\ti\ccsv6\tools\compiler\ti-cgt-msp430_4.4.4\lib\</path>
         <kind>archive</kind>
         <file>rts430_eabi.lib</file>
         <name>int05.obj</name>
      </input_file>
      <input_file id="fl-3f">
         <path>C:\ti\ccsv6\tools\compiler\ti-cgt-msp430_4.4.4\lib\</path>
         <kind>archive</kind>
         <file>rts430_eabi.lib</file>
         <name>int06.obj</name>
      </input_file>
      <input_file id="fl-40">
         <path>C:\ti\ccsv6\tools\compiler\ti-cgt-msp430_4.4.4\lib\</path>
         <kind>archive</kind>
         <file>rts430_eabi.lib</file>
         <name>int07.obj</name>
      </input_file>
      <input_file id="fl-41">
         <path>C:\ti\ccsv6\tools\compiler\ti-cgt-msp430_4.4.4\lib\</path>
         <kind>archive</kind>
         <file>rts430_eabi.lib</file>
         <name>int08.obj</name>
      </input_file>
      <input_file id="fl-42">
         <path>C:\ti\ccsv6\tools\compiler\ti-cgt-msp430_4.4.4\lib\</path>
         <kind>archive</kind>
         <file>rts430_eabi.lib</file>
         <name>int10.obj</name>
      </input_file>
      <input_file id="fl-43">
         <path>C:\ti\ccsv6\tools\compiler\ti-cgt-msp430_4.4.4\lib\</path>
         <kind>archive</kind>
         <file>rts430_eabi.lib</file>
         <name>int11.obj</name>
      </input_file>
      <input_file id="fl-44">
         <path>C:\ti\ccsv6\tools\compiler\ti-cgt-msp430_4.4.4\lib\</path>
         <kind>archive</kind>
         <file>rts430_eabi.lib</file>
         <name>int12.obj</name>
      </input_file>
      <input_file id="fl-45">
         <path>C:\ti\ccsv6\tools\compiler\ti-cgt-msp430_4.4.4\lib\</path>
         <kind>archive</kind>
         <file>rts430_eabi.lib</file>
         <name>int13.obj</name>
      </input_file>
      <input_file id="fl-46">
         <path>C:\ti\ccsv6\tools\compiler\ti-cgt-msp430_4.4.4\lib\</path>
         <kind>archive</kind>
         <file>rts430_eabi.lib</file>
         <name>int14.obj</name>
      </input_file>
      <input_file id="fl-47">
         <path>C:\ti\ccsv6\tools\compiler\ti-cgt-msp430_4.4.4\lib\</path>
         <kind>archive</kind>
         <file>rts430_eabi.lib</file>
         <name>isr_trap.obj</name>
      </input_file>
      <input_file id="fl-48">
         <path>C:\ti\ccsv6\tools\compiler\ti-cgt-msp430_4.4.4\lib\</path>
         <kind>archive</kind>
         <file>rts430_eabi.lib</file>
         <name>memcpy.obj</name>
      </input_file>
      <input_file id="fl-49">
         <path>C:\ti\ccsv6\tools\compiler\ti-cgt-msp430_4.4.4\lib\</path>
         <kind>archive</kind>
         <file>rts430_eabi.lib</file>
         <name>mpu_init.obj</name>
      </input_file>
      <input_file id="fl-4a">
         <path>C:\ti\ccsv6\tools\compiler\ti-cgt-msp430_4.4.4\lib\</path>
         <kind>archive</kind>
         <file>rts430_eabi.lib</file>
         <name>pre_init.obj</name>
      </input_file>
      <input_file id="fl-4b">
         <path>C:\ti\ccsv6\tools\compiler\ti-cgt-msp430_4.4.4\lib\</path>
         <kind>archive</kind>
         <file>rts430_eabi.lib</file>
         <name>_lock.obj</name>
      </input_file>
      <input_file id="fl-4c">
         <path>C:\ti\ccsv6\tools\compiler\ti-cgt-msp430_4.4.4\lib\</path>
         <kind>archive</kind>
         <file>rts430_eabi.lib</file>
         <name>args_main.obj</name>
      </input_file>
      <input_file id="fl-4d">
         <path>C:\ti\ccsv6\tools\compiler\ti-cgt-msp430_4.4.4\lib\</path>
         <kind>archive</kind>
         <file>rts430_eabi.lib</file>
         <name>autoinit.obj</name>
      </input_file>
   </input_file_list>
   <object_component_list>
      <object_component id="oc-120">
         <name>.common:Speed</name>
         <uninitialized>true</uninitialized>
         <run_address>0x202</run_address>
         <size>0x2</size>
      </object_component>
      <object_component id="oc-147">
         <name>.common:Temp</name>
         <uninitialized>true</uninitialized>
         <run_address>0x204</run_address>
         <size>0x2</size>
      </object_component>
      <object_component id="oc-144">
         <name>.common:Battery_Voltage</name>
         <uninitialized>true</uninitialized>
         <run_address>0x200</run_address>
         <size>0x2</size>
      </object_component>
      <object_component id="oc-8c">
         <name>.stack</name>
         <uninitialized>true</uninitialized>
         <run_address>0x3b0</run_address>
         <size>0x2</size>
         <input_file_ref idref="fl-31"/>
      </object_component>
      <object_component id="oc-1ae">
         <name>.stack</name>
         <uninitialized>true</uninitialized>
         <run_address>0x3b0</run_address>
         <size>0x0</size>
      </object_component>
      <object_component id="oc-dc">
         <name>.text:main</name>
         <load_address>0xc000</load_address>
         <run_address>0xc000</run_address>
         <size>0xb2</size>
         <input_file_ref idref="fl-2"/>
      </object_component>
      <object_component id="oc-c2">
         <name>.text:_auto_init</name>
         <load_address>0xc0b2</load_address>
         <run_address>0xc0b2</run_address>
         <size>0x58</size>
         <input_file_ref idref="fl-4d"/>
      </object_component>
      <object_component id="oc-af">
         <name>.text:Timer_A</name>
         <load_address>0xc10a</load_address>
         <run_address>0xc10a</run_address>
         <size>0x44</size>
         <input_file_ref idref="fl-2"/>
      </object_component>
      <object_component id="oc-10e">
         <name>.text:Battery_Monitor</name>
         <load_address>0xc14e</load_address>
         <run_address>0xc14e</run_address>
         <size>0x3a</size>
         <input_file_ref idref="fl-2"/>
      </object_component>
      <object_component id="oc-11a">
         <name>.text:Temp_Monitor</name>
         <load_address>0xc188</load_address>
         <run_address>0xc188</run_address>
         <size>0x30</size>
         <input_file_ref idref="fl-2"/>
      </object_component>
      <object_component id="oc-123">
         <name>.text</name>
         <load_address>0xc1b8</load_address>
         <run_address>0xc1b8</run_address>
         <size>0x2c</size>
         <input_file_ref idref="fl-36"/>
      </object_component>
      <object_component id="oc-114">
         <name>.text:Speed_Pole</name>
         <load_address>0xc1e4</load_address>
         <run_address>0xc1e4</run_address>
         <size>0x24</size>
         <input_file_ref idref="fl-2"/>
      </object_component>
      <object_component id="oc-68">
         <name>.text:_c_int00_noargs_noexit</name>
         <load_address>0xc208</load_address>
         <run_address>0xc208</run_address>
         <size>0x1a</size>
         <input_file_ref idref="fl-32"/>
      </object_component>
      <object_component id="oc-14b">
         <name>.text</name>
         <load_address>0xc222</load_address>
         <run_address>0xc222</run_address>
         <size>0x16</size>
         <input_file_ref idref="fl-37"/>
      </object_component>
      <object_component id="oc-4a">
         <name>.text:decompress:ZI:__TI_zero_init</name>
         <load_address>0xc238</load_address>
         <run_address>0xc238</run_address>
         <size>0x14</size>
         <input_file_ref idref="fl-35"/>
      </object_component>
      <object_component id="oc-105">
         <name>.text</name>
         <load_address>0xc24c</load_address>
         <run_address>0xc24c</run_address>
         <size>0x10</size>
         <input_file_ref idref="fl-38"/>
      </object_component>
      <object_component id="oc-aa">
         <name>.text:_isr:__TI_ISR_TRAP</name>
         <load_address>0xc25c</load_address>
         <run_address>0xc25c</run_address>
         <size>0x6</size>
         <input_file_ref idref="fl-47"/>
      </object_component>
      <object_component id="oc-bc">
         <name>.text:_system_pre_init</name>
         <load_address>0xc262</load_address>
         <run_address>0xc262</run_address>
         <size>0x4</size>
         <input_file_ref idref="fl-4a"/>
      </object_component>
      <object_component id="oc-e4">
         <name>.text:abort</name>
         <load_address>0xc266</load_address>
         <run_address>0xc266</run_address>
         <size>0x4</size>
         <input_file_ref idref="fl-39"/>
      </object_component>
      <object_component id="oc-1ad">
         <name>.cinit..bss.load</name>
         <load_address>0xc26a</load_address>
         <run_address>0xc26a</run_address>
         <size>0x4</size>
      </object_component>
      <object_component id="oc-1ab">
         <name>__TI_handler_table</name>
         <load_address>0xc26e</load_address>
         <run_address>0xc26e</run_address>
         <size>0x2</size>
      </object_component>
      <object_component id="oc-1ac">
         <name>__TI_cinit_table</name>
         <load_address>0xc270</load_address>
         <run_address>0xc270</run_address>
         <size>0x4</size>
      </object_component>
      <object_component id="oc-3d">
         <name>.int00</name>
         <load_address>0xffe0</load_address>
         <run_address>0xffe0</run_address>
         <size>0x2</size>
         <input_file_ref idref="fl-3b"/>
      </object_component>
      <object_component id="oc-3e">
         <name>.int02</name>
         <load_address>0xffe4</load_address>
         <run_address>0xffe4</run_address>
         <size>0x2</size>
         <input_file_ref idref="fl-3c"/>
      </object_component>
      <object_component id="oc-3f">
         <name>.int03</name>
         <load_address>0xffe6</load_address>
         <run_address>0xffe6</run_address>
         <size>0x2</size>
         <input_file_ref idref="fl-3d"/>
      </object_component>
      <object_component id="oc-40">
         <name>.int05</name>
         <load_address>0xffea</load_address>
         <run_address>0xffea</run_address>
         <size>0x2</size>
         <input_file_ref idref="fl-3e"/>
      </object_component>
      <object_component id="oc-41">
         <name>.int06</name>
         <load_address>0xffec</load_address>
         <run_address>0xffec</run_address>
         <size>0x2</size>
         <input_file_ref idref="fl-3f"/>
      </object_component>
      <object_component id="oc-42">
         <name>.int07</name>
         <load_address>0xffee</load_address>
         <run_address>0xffee</run_address>
         <size>0x2</size>
         <input_file_ref idref="fl-40"/>
      </object_component>
      <object_component id="oc-43">
         <name>.int08</name>
         <load_address>0xfff0</load_address>
         <run_address>0xfff0</run_address>
         <size>0x2</size>
         <input_file_ref idref="fl-41"/>
      </object_component>
      <object_component id="oc-44">
         <name>.int09</name>
         <load_address>0xfff2</load_address>
         <run_address>0xfff2</run_address>
         <size>0x2</size>
         <input_file_ref idref="fl-2"/>
      </object_component>
      <object_component id="oc-45">
         <name>.int10</name>
         <load_address>0xfff4</load_address>
         <run_address>0xfff4</run_address>
         <size>0x2</size>
         <input_file_ref idref="fl-42"/>
      </object_component>
      <object_component id="oc-46">
         <name>.int11</name>
         <load_address>0xfff6</load_address>
         <run_address>0xfff6</run_address>
         <size>0x2</size>
         <input_file_ref idref="fl-43"/>
      </object_component>
      <object_component id="oc-47">
         <name>.int12</name>
         <load_address>0xfff8</load_address>
         <run_address>0xfff8</run_address>
         <size>0x2</size>
         <input_file_ref idref="fl-44"/>
      </object_component>
      <object_component id="oc-48">
         <name>.int13</name>
         <load_address>0xfffa</load_address>
         <run_address>0xfffa</run_address>
         <size>0x2</size>
         <input_file_ref idref="fl-45"/>
      </object_component>
      <object_component id="oc-49">
         <name>.int14</name>
         <load_address>0xfffc</load_address>
         <run_address>0xfffc</run_address>
         <size>0x2</size>
         <input_file_ref idref="fl-46"/>
      </object_component>
      <object_component id="oc-8f">
         <name>.reset</name>
         <load_address>0xfffe</load_address>
         <run_address>0xfffe</run_address>
         <size>0x2</size>
         <input_file_ref idref="fl-31"/>
      </object_component>
      <object_component id="oc-121">
         <name>.debug_info</name>
         <load_address>0x0</load_address>
         <run_address>0x0</run_address>
         <size>0x44c</size>
         <input_file_ref idref="fl-2"/>
      </object_component>
      <object_component id="oc-dd">
         <name>.debug_info</name>
         <load_address>0x44c</load_address>
         <run_address>0x44c</run_address>
         <size>0xf8</size>
         <input_file_ref idref="fl-2"/>
      </object_component>
      <object_component id="oc-115">
         <name>.debug_info</name>
         <load_address>0x544</load_address>
         <run_address>0x544</run_address>
         <size>0x104</size>
         <input_file_ref idref="fl-2"/>
      </object_component>
      <object_component id="oc-10f">
         <name>.debug_info</name>
         <load_address>0x648</load_address>
         <run_address>0x648</run_address>
         <size>0x10e</size>
         <input_file_ref idref="fl-2"/>
      </object_component>
      <object_component id="oc-11b">
         <name>.debug_info</name>
         <load_address>0x756</load_address>
         <run_address>0x756</run_address>
         <size>0x108</size>
         <input_file_ref idref="fl-2"/>
      </object_component>
      <object_component id="oc-b0">
         <name>.debug_info</name>
         <load_address>0x85e</load_address>
         <run_address>0x85e</run_address>
         <size>0x14d</size>
         <input_file_ref idref="fl-2"/>
      </object_component>
      <object_component id="oc-f2">
         <name>.debug_info</name>
         <load_address>0x9ab</load_address>
         <run_address>0x9ab</run_address>
         <size>0x84</size>
         <input_file_ref idref="fl-2"/>
      </object_component>
      <object_component id="oc-8d">
         <name>.debug_info</name>
         <load_address>0xa2f</load_address>
         <run_address>0xa2f</run_address>
         <size>0xd8</size>
         <input_file_ref idref="fl-31"/>
      </object_component>
      <object_component id="oc-69">
         <name>.debug_info</name>
         <load_address>0xb07</load_address>
         <run_address>0xb07</run_address>
         <size>0x179</size>
         <input_file_ref idref="fl-32"/>
      </object_component>
      <object_component id="oc-bb">
         <name>.debug_info</name>
         <load_address>0xc80</load_address>
         <run_address>0xc80</run_address>
         <size>0x14d</size>
         <input_file_ref idref="fl-35"/>
      </object_component>
      <object_component id="oc-4b">
         <name>.debug_info</name>
         <load_address>0xdcd</load_address>
         <run_address>0xdcd</run_address>
         <size>0x198</size>
         <input_file_ref idref="fl-35"/>
      </object_component>
      <object_component id="oc-b6">
         <name>.debug_info</name>
         <load_address>0xf65</load_address>
         <run_address>0xf65</run_address>
         <size>0x46</size>
         <input_file_ref idref="fl-35"/>
      </object_component>
      <object_component id="oc-f9">
         <name>.debug_info</name>
         <load_address>0xfab</load_address>
         <run_address>0xfab</run_address>
         <size>0x2c</size>
         <input_file_ref idref="fl-35"/>
      </object_component>
      <object_component id="oc-126">
         <name>.debug_info</name>
         <load_address>0xfd7</load_address>
         <run_address>0xfd7</run_address>
         <size>0x114</size>
         <input_file_ref idref="fl-36"/>
      </object_component>
      <object_component id="oc-14c">
         <name>.debug_info</name>
         <load_address>0x10eb</load_address>
         <run_address>0x10eb</run_address>
         <size>0x100</size>
         <input_file_ref idref="fl-37"/>
      </object_component>
      <object_component id="oc-106">
         <name>.debug_info</name>
         <load_address>0x11eb</load_address>
         <run_address>0x11eb</run_address>
         <size>0x10d</size>
         <input_file_ref idref="fl-38"/>
      </object_component>
      <object_component id="oc-e5">
         <name>.debug_info</name>
         <load_address>0x12f8</load_address>
         <run_address>0x12f8</run_address>
         <size>0xfa</size>
         <input_file_ref idref="fl-39"/>
      </object_component>
      <object_component id="oc-ab">
         <name>.debug_info</name>
         <load_address>0x13f2</load_address>
         <run_address>0x13f2</run_address>
         <size>0xee</size>
         <input_file_ref idref="fl-47"/>
      </object_component>
      <object_component id="oc-bd">
         <name>.debug_info</name>
         <load_address>0x14e0</load_address>
         <run_address>0x14e0</run_address>
         <size>0x12b</size>
         <input_file_ref idref="fl-4a"/>
      </object_component>
      <object_component id="oc-12d">
         <name>.debug_info</name>
         <load_address>0x160b</load_address>
         <run_address>0x160b</run_address>
         <size>0x2cc</size>
         <input_file_ref idref="fl-4d"/>
      </object_component>
      <object_component id="oc-c3">
         <name>.debug_info</name>
         <load_address>0x18d7</load_address>
         <run_address>0x18d7</run_address>
         <size>0x17e</size>
         <input_file_ref idref="fl-4d"/>
      </object_component>
      <object_component id="oc-153">
         <name>.debug_info</name>
         <load_address>0x1a55</load_address>
         <run_address>0x1a55</run_address>
         <size>0x39</size>
         <input_file_ref idref="fl-4d"/>
      </object_component>
      <object_component id="oc-1af">
         <name>.debug_info</name>
         <load_address>0x1a8e</load_address>
         <run_address>0x1a8e</run_address>
         <size>0xac</size>
      </object_component>
      <object_component id="oc-14a">
         <name>.debug_line</name>
         <load_address>0x0</load_address>
         <run_address>0x0</run_address>
         <size>0xa9</size>
         <input_file_ref idref="fl-2"/>
      </object_component>
      <object_component id="oc-e0">
         <name>.debug_line</name>
         <load_address>0xa9</load_address>
         <run_address>0xa9</run_address>
         <size>0x62</size>
         <input_file_ref idref="fl-2"/>
      </object_component>
      <object_component id="oc-118">
         <name>.debug_line</name>
         <load_address>0x10b</load_address>
         <run_address>0x10b</run_address>
         <size>0x48</size>
         <input_file_ref idref="fl-2"/>
      </object_component>
      <object_component id="oc-112">
         <name>.debug_line</name>
         <load_address>0x153</load_address>
         <run_address>0x153</run_address>
         <size>0x4b</size>
         <input_file_ref idref="fl-2"/>
      </object_component>
      <object_component id="oc-11e">
         <name>.debug_line</name>
         <load_address>0x19e</load_address>
         <run_address>0x19e</run_address>
         <size>0x4b</size>
         <input_file_ref idref="fl-2"/>
      </object_component>
      <object_component id="oc-b3">
         <name>.debug_line</name>
         <load_address>0x1e9</load_address>
         <run_address>0x1e9</run_address>
         <size>0x4d</size>
         <input_file_ref idref="fl-2"/>
      </object_component>
      <object_component id="oc-f5">
         <name>.debug_line</name>
         <load_address>0x236</load_address>
         <run_address>0x236</run_address>
         <size>0x20</size>
         <input_file_ref idref="fl-2"/>
      </object_component>
      <object_component id="oc-f1">
         <name>.debug_line</name>
         <load_address>0x256</load_address>
         <run_address>0x256</run_address>
         <size>0x2a</size>
         <input_file_ref idref="fl-31"/>
      </object_component>
      <object_component id="oc-6c">
         <name>.debug_line</name>
         <load_address>0x280</load_address>
         <run_address>0x280</run_address>
         <size>0x4c</size>
         <input_file_ref idref="fl-32"/>
      </object_component>
      <object_component id="oc-12a">
         <name>.debug_line</name>
         <load_address>0x2cc</load_address>
         <run_address>0x2cc</run_address>
         <size>0x20</size>
         <input_file_ref idref="fl-35"/>
      </object_component>
      <object_component id="oc-4e">
         <name>.debug_line</name>
         <load_address>0x2ec</load_address>
         <run_address>0x2ec</run_address>
         <size>0x4d</size>
         <input_file_ref idref="fl-35"/>
      </object_component>
      <object_component id="oc-b9">
         <name>.debug_line</name>
         <load_address>0x339</load_address>
         <run_address>0x339</run_address>
         <size>0x34</size>
         <input_file_ref idref="fl-35"/>
      </object_component>
      <object_component id="oc-fc">
         <name>.debug_line</name>
         <load_address>0x36d</load_address>
         <run_address>0x36d</run_address>
         <size>0x72</size>
         <input_file_ref idref="fl-35"/>
      </object_component>
      <object_component id="oc-125">
         <name>.debug_line</name>
         <load_address>0x3df</load_address>
         <run_address>0x3df</run_address>
         <size>0x4d</size>
         <input_file_ref idref="fl-36"/>
      </object_component>
      <object_component id="oc-14f">
         <name>.debug_line</name>
         <load_address>0x42c</load_address>
         <run_address>0x42c</run_address>
         <size>0x43</size>
         <input_file_ref idref="fl-37"/>
      </object_component>
      <object_component id="oc-109">
         <name>.debug_line</name>
         <load_address>0x46f</load_address>
         <run_address>0x46f</run_address>
         <size>0x40</size>
         <input_file_ref idref="fl-38"/>
      </object_component>
      <object_component id="oc-e8">
         <name>.debug_line</name>
         <load_address>0x4af</load_address>
         <run_address>0x4af</run_address>
         <size>0x3a</size>
         <input_file_ref idref="fl-39"/>
      </object_component>
      <object_component id="oc-ae">
         <name>.debug_line</name>
         <load_address>0x4e9</load_address>
         <run_address>0x4e9</run_address>
         <size>0x3c</size>
         <input_file_ref idref="fl-47"/>
      </object_component>
      <object_component id="oc-c0">
         <name>.debug_line</name>
         <load_address>0x525</load_address>
         <run_address>0x525</run_address>
         <size>0x3e</size>
         <input_file_ref idref="fl-4a"/>
      </object_component>
      <object_component id="oc-152">
         <name>.debug_line</name>
         <load_address>0x563</load_address>
         <run_address>0x563</run_address>
         <size>0x2e</size>
         <input_file_ref idref="fl-4d"/>
      </object_component>
      <object_component id="oc-c6">
         <name>.debug_line</name>
         <load_address>0x591</load_address>
         <run_address>0x591</run_address>
         <size>0x7b</size>
         <input_file_ref idref="fl-4d"/>
      </object_component>
      <object_component id="oc-156">
         <name>.debug_line</name>
         <load_address>0x60c</load_address>
         <run_address>0x60c</run_address>
         <size>0x2e</size>
         <input_file_ref idref="fl-4d"/>
      </object_component>
      <object_component id="oc-e1">
         <name>.debug_frame</name>
         <load_address>0x0</load_address>
         <run_address>0x0</run_address>
         <size>0x48</size>
         <input_file_ref idref="fl-2"/>
      </object_component>
      <object_component id="oc-119">
         <name>.debug_frame</name>
         <load_address>0x48</load_address>
         <run_address>0x48</run_address>
         <size>0x47</size>
         <input_file_ref idref="fl-2"/>
      </object_component>
      <object_component id="oc-113">
         <name>.debug_frame</name>
         <load_address>0x8f</load_address>
         <run_address>0x8f</run_address>
         <size>0x47</size>
         <input_file_ref idref="fl-2"/>
      </object_component>
      <object_component id="oc-11f">
         <name>.debug_frame</name>
         <load_address>0xd6</load_address>
         <run_address>0xd6</run_address>
         <size>0x47</size>
         <input_file_ref idref="fl-2"/>
      </object_component>
      <object_component id="oc-b4">
         <name>.debug_frame</name>
         <load_address>0x11d</load_address>
         <run_address>0x11d</run_address>
         <size>0x74</size>
         <input_file_ref idref="fl-2"/>
      </object_component>
      <object_component id="oc-6d">
         <name>.debug_frame</name>
         <load_address>0x191</load_address>
         <run_address>0x191</run_address>
         <size>0x42</size>
         <input_file_ref idref="fl-32"/>
      </object_component>
      <object_component id="oc-4f">
         <name>.debug_frame</name>
         <load_address>0x1d3</load_address>
         <run_address>0x1d3</run_address>
         <size>0x47</size>
         <input_file_ref idref="fl-35"/>
      </object_component>
      <object_component id="oc-e9">
         <name>.debug_frame</name>
         <load_address>0x21a</load_address>
         <run_address>0x21a</run_address>
         <size>0x47</size>
         <input_file_ref idref="fl-39"/>
      </object_component>
      <object_component id="oc-c1">
         <name>.debug_frame</name>
         <load_address>0x261</load_address>
         <run_address>0x261</run_address>
         <size>0x47</size>
         <input_file_ref idref="fl-4a"/>
      </object_component>
      <object_component id="oc-c7">
         <name>.debug_frame</name>
         <load_address>0x2a8</load_address>
         <run_address>0x2a8</run_address>
         <size>0x51</size>
         <input_file_ref idref="fl-4d"/>
      </object_component>
      <object_component id="oc-149">
         <name>.debug_abbrev</name>
         <load_address>0x0</load_address>
         <run_address>0x0</run_address>
         <size>0x8f</size>
         <input_file_ref idref="fl-2"/>
      </object_component>
      <object_component id="oc-13f">
         <name>.debug_abbrev</name>
         <load_address>0x8f</load_address>
         <run_address>0x8f</run_address>
         <size>0x50</size>
         <input_file_ref idref="fl-2"/>
      </object_component>
      <object_component id="oc-146">
         <name>.debug_abbrev</name>
         <load_address>0xdf</load_address>
         <run_address>0xdf</run_address>
         <size>0x50</size>
         <input_file_ref idref="fl-2"/>
      </object_component>
      <object_component id="oc-145">
         <name>.debug_abbrev</name>
         <load_address>0x12f</load_address>
         <run_address>0x12f</run_address>
         <size>0x50</size>
         <input_file_ref idref="fl-2"/>
      </object_component>
      <object_component id="oc-148">
         <name>.debug_abbrev</name>
         <load_address>0x17f</load_address>
         <run_address>0x17f</run_address>
         <size>0x50</size>
         <input_file_ref idref="fl-2"/>
      </object_component>
      <object_component id="oc-128">
         <name>.debug_abbrev</name>
         <load_address>0x1cf</load_address>
         <run_address>0x1cf</run_address>
         <size>0x61</size>
         <input_file_ref idref="fl-2"/>
      </object_component>
      <object_component id="oc-f4">
         <name>.debug_abbrev</name>
         <load_address>0x230</load_address>
         <run_address>0x230</run_address>
         <size>0x1f</size>
         <input_file_ref idref="fl-2"/>
      </object_component>
      <object_component id="oc-f0">
         <name>.debug_abbrev</name>
         <load_address>0x24f</load_address>
         <run_address>0x24f</run_address>
         <size>0x29</size>
         <input_file_ref idref="fl-31"/>
      </object_component>
      <object_component id="oc-ea">
         <name>.debug_abbrev</name>
         <load_address>0x278</load_address>
         <run_address>0x278</run_address>
         <size>0x58</size>
         <input_file_ref idref="fl-32"/>
      </object_component>
      <object_component id="oc-129">
         <name>.debug_abbrev</name>
         <load_address>0x2d0</load_address>
         <run_address>0x2d0</run_address>
         <size>0x37</size>
         <input_file_ref idref="fl-35"/>
      </object_component>
      <object_component id="oc-b5">
         <name>.debug_abbrev</name>
         <load_address>0x307</load_address>
         <run_address>0x307</run_address>
         <size>0x6f</size>
         <input_file_ref idref="fl-35"/>
      </object_component>
      <object_component id="oc-b8">
         <name>.debug_abbrev</name>
         <load_address>0x376</load_address>
         <run_address>0x376</run_address>
         <size>0x24</size>
         <input_file_ref idref="fl-35"/>
      </object_component>
      <object_component id="oc-fb">
         <name>.debug_abbrev</name>
         <load_address>0x39a</load_address>
         <run_address>0x39a</run_address>
         <size>0x24</size>
         <input_file_ref idref="fl-35"/>
      </object_component>
      <object_component id="oc-150">
         <name>.debug_abbrev</name>
         <load_address>0x3be</load_address>
         <run_address>0x3be</run_address>
         <size>0x4a</size>
         <input_file_ref idref="fl-36"/>
      </object_component>
      <object_component id="oc-171">
         <name>.debug_abbrev</name>
         <load_address>0x408</load_address>
         <run_address>0x408</run_address>
         <size>0x3c</size>
         <input_file_ref idref="fl-37"/>
      </object_component>
      <object_component id="oc-143">
         <name>.debug_abbrev</name>
         <load_address>0x444</load_address>
         <run_address>0x444</run_address>
         <size>0x3a</size>
         <input_file_ref idref="fl-38"/>
      </object_component>
      <object_component id="oc-140">
         <name>.debug_abbrev</name>
         <load_address>0x47e</load_address>
         <run_address>0x47e</run_address>
         <size>0x45</size>
         <input_file_ref idref="fl-39"/>
      </object_component>
      <object_component id="oc-10d">
         <name>.debug_abbrev</name>
         <load_address>0x4c3</load_address>
         <run_address>0x4c3</run_address>
         <size>0x28</size>
         <input_file_ref idref="fl-47"/>
      </object_component>
      <object_component id="oc-12b">
         <name>.debug_abbrev</name>
         <load_address>0x4eb</load_address>
         <run_address>0x4eb</run_address>
         <size>0x55</size>
         <input_file_ref idref="fl-4a"/>
      </object_component>
      <object_component id="oc-151">
         <name>.debug_abbrev</name>
         <load_address>0x540</load_address>
         <run_address>0x540</run_address>
         <size>0x7b</size>
         <input_file_ref idref="fl-4d"/>
      </object_component>
      <object_component id="oc-12c">
         <name>.debug_abbrev</name>
         <load_address>0x5bb</load_address>
         <run_address>0x5bb</run_address>
         <size>0x70</size>
         <input_file_ref idref="fl-4d"/>
      </object_component>
      <object_component id="oc-155">
         <name>.debug_abbrev</name>
         <load_address>0x62b</load_address>
         <run_address>0x62b</run_address>
         <size>0x24</size>
         <input_file_ref idref="fl-4d"/>
      </object_component>
      <object_component id="oc-1b0">
         <name>.debug_abbrev</name>
         <load_address>0x64f</load_address>
         <run_address>0x64f</run_address>
         <size>0xf</size>
      </object_component>
      <object_component id="oc-f6">
         <name>.debug_str</name>
         <load_address>0x0</load_address>
         <run_address>0x0</run_address>
         <size>0xf5</size>
         <input_file_ref idref="fl-2"/>
      </object_component>
      <object_component id="oc-ba">
         <name>.debug_str</name>
         <load_address>0xf5</load_address>
         <run_address>0xf5</run_address>
         <size>0xdd</size>
         <input_file_ref idref="fl-35"/>
      </object_component>
      <object_component id="oc-fd">
         <name>.debug_str</name>
         <load_address>0x1d2</load_address>
         <run_address>0x1d2</run_address>
         <size>0xf8</size>
         <input_file_ref idref="fl-35"/>
      </object_component>
      <object_component id="oc-157">
         <name>.debug_str</name>
         <load_address>0x2ca</load_address>
         <run_address>0x2ca</run_address>
         <size>0xc5</size>
         <input_file_ref idref="fl-4d"/>
      </object_component>
      <object_component id="oc-de">
         <name>.debug_aranges</name>
         <load_address>0x0</load_address>
         <run_address>0x0</run_address>
         <size>0x20</size>
         <input_file_ref idref="fl-2"/>
      </object_component>
      <object_component id="oc-116">
         <name>.debug_aranges</name>
         <load_address>0x20</load_address>
         <run_address>0x20</run_address>
         <size>0x20</size>
         <input_file_ref idref="fl-2"/>
      </object_component>
      <object_component id="oc-110">
         <name>.debug_aranges</name>
         <load_address>0x40</load_address>
         <run_address>0x40</run_address>
         <size>0x20</size>
         <input_file_ref idref="fl-2"/>
      </object_component>
      <object_component id="oc-11c">
         <name>.debug_aranges</name>
         <load_address>0x60</load_address>
         <run_address>0x60</run_address>
         <size>0x20</size>
         <input_file_ref idref="fl-2"/>
      </object_component>
      <object_component id="oc-b1">
         <name>.debug_aranges</name>
         <load_address>0x80</load_address>
         <run_address>0x80</run_address>
         <size>0x20</size>
         <input_file_ref idref="fl-2"/>
      </object_component>
      <object_component id="oc-6a">
         <name>.debug_aranges</name>
         <load_address>0xa0</load_address>
         <run_address>0xa0</run_address>
         <size>0x20</size>
         <input_file_ref idref="fl-32"/>
      </object_component>
      <object_component id="oc-4c">
         <name>.debug_aranges</name>
         <load_address>0xc0</load_address>
         <run_address>0xc0</run_address>
         <size>0x20</size>
         <input_file_ref idref="fl-35"/>
      </object_component>
      <object_component id="oc-124">
         <name>.debug_aranges</name>
         <load_address>0xe0</load_address>
         <run_address>0xe0</run_address>
         <size>0x20</size>
         <input_file_ref idref="fl-36"/>
      </object_component>
      <object_component id="oc-14d">
         <name>.debug_aranges</name>
         <load_address>0x100</load_address>
         <run_address>0x100</run_address>
         <size>0x20</size>
         <input_file_ref idref="fl-37"/>
      </object_component>
      <object_component id="oc-107">
         <name>.debug_aranges</name>
         <load_address>0x120</load_address>
         <run_address>0x120</run_address>
         <size>0x20</size>
         <input_file_ref idref="fl-38"/>
      </object_component>
      <object_component id="oc-e6">
         <name>.debug_aranges</name>
         <load_address>0x140</load_address>
         <run_address>0x140</run_address>
         <size>0x20</size>
         <input_file_ref idref="fl-39"/>
      </object_component>
      <object_component id="oc-ac">
         <name>.debug_aranges</name>
         <load_address>0x160</load_address>
         <run_address>0x160</run_address>
         <size>0x20</size>
         <input_file_ref idref="fl-47"/>
      </object_component>
      <object_component id="oc-be">
         <name>.debug_aranges</name>
         <load_address>0x180</load_address>
         <run_address>0x180</run_address>
         <size>0x20</size>
         <input_file_ref idref="fl-4a"/>
      </object_component>
      <object_component id="oc-c4">
         <name>.debug_aranges</name>
         <load_address>0x1a0</load_address>
         <run_address>0x1a0</run_address>
         <size>0x20</size>
         <input_file_ref idref="fl-4d"/>
      </object_component>
      <object_component id="oc-122">
         <name>.debug_pubnames</name>
         <load_address>0x0</load_address>
         <run_address>0x0</run_address>
         <size>0x39</size>
         <input_file_ref idref="fl-2"/>
      </object_component>
      <object_component id="oc-df">
         <name>.debug_pubnames</name>
         <load_address>0x39</load_address>
         <run_address>0x39</run_address>
         <size>0x1b</size>
         <input_file_ref idref="fl-2"/>
      </object_component>
      <object_component id="oc-117">
         <name>.debug_pubnames</name>
         <load_address>0x54</load_address>
         <run_address>0x54</run_address>
         <size>0x21</size>
         <input_file_ref idref="fl-2"/>
      </object_component>
      <object_component id="oc-111">
         <name>.debug_pubnames</name>
         <load_address>0x75</load_address>
         <run_address>0x75</run_address>
         <size>0x26</size>
         <input_file_ref idref="fl-2"/>
      </object_component>
      <object_component id="oc-11d">
         <name>.debug_pubnames</name>
         <load_address>0x9b</load_address>
         <run_address>0x9b</run_address>
         <size>0x23</size>
         <input_file_ref idref="fl-2"/>
      </object_component>
      <object_component id="oc-b2">
         <name>.debug_pubnames</name>
         <load_address>0xbe</load_address>
         <run_address>0xbe</run_address>
         <size>0x1e</size>
         <input_file_ref idref="fl-2"/>
      </object_component>
      <object_component id="oc-8e">
         <name>.debug_pubnames</name>
         <load_address>0xdc</load_address>
         <run_address>0xdc</run_address>
         <size>0x1d</size>
         <input_file_ref idref="fl-31"/>
      </object_component>
      <object_component id="oc-6b">
         <name>.debug_pubnames</name>
         <load_address>0xf9</load_address>
         <run_address>0xf9</run_address>
         <size>0x2d</size>
         <input_file_ref idref="fl-32"/>
      </object_component>
      <object_component id="oc-4d">
         <name>.debug_pubnames</name>
         <load_address>0x126</load_address>
         <run_address>0x126</run_address>
         <size>0x25</size>
         <input_file_ref idref="fl-35"/>
      </object_component>
      <object_component id="oc-127">
         <name>.debug_pubnames</name>
         <load_address>0x14b</load_address>
         <run_address>0x14b</run_address>
         <size>0x24</size>
         <input_file_ref idref="fl-36"/>
      </object_component>
      <object_component id="oc-14e">
         <name>.debug_pubnames</name>
         <load_address>0x16f</load_address>
         <run_address>0x16f</run_address>
         <size>0x24</size>
         <input_file_ref idref="fl-37"/>
      </object_component>
      <object_component id="oc-108">
         <name>.debug_pubnames</name>
         <load_address>0x193</load_address>
         <run_address>0x193</run_address>
         <size>0x2b</size>
         <input_file_ref idref="fl-38"/>
      </object_component>
      <object_component id="oc-e7">
         <name>.debug_pubnames</name>
         <load_address>0x1be</load_address>
         <run_address>0x1be</run_address>
         <size>0x1c</size>
         <input_file_ref idref="fl-39"/>
      </object_component>
      <object_component id="oc-ad">
         <name>.debug_pubnames</name>
         <load_address>0x1da</load_address>
         <run_address>0x1da</run_address>
         <size>0x2b</size>
         <input_file_ref idref="fl-47"/>
      </object_component>
      <object_component id="oc-bf">
         <name>.debug_pubnames</name>
         <load_address>0x205</load_address>
         <run_address>0x205</run_address>
         <size>0x27</size>
         <input_file_ref idref="fl-4a"/>
      </object_component>
      <object_component id="oc-c5">
         <name>.debug_pubnames</name>
         <load_address>0x22c</load_address>
         <run_address>0x22c</run_address>
         <size>0x21</size>
         <input_file_ref idref="fl-4d"/>
      </object_component>
      <object_component id="oc-f3">
         <name>.debug_pubtypes</name>
         <load_address>0x0</load_address>
         <run_address>0x0</run_address>
         <size>0xed</size>
         <input_file_ref idref="fl-2"/>
      </object_component>
      <object_component id="oc-b7">
         <name>.debug_pubtypes</name>
         <load_address>0xed</load_address>
         <run_address>0xed</run_address>
         <size>0x48</size>
         <input_file_ref idref="fl-35"/>
      </object_component>
      <object_component id="oc-fa">
         <name>.debug_pubtypes</name>
         <load_address>0x135</load_address>
         <run_address>0x135</run_address>
         <size>0x1d</size>
         <input_file_ref idref="fl-35"/>
      </object_component>
      <object_component id="oc-154">
         <name>.debug_pubtypes</name>
         <load_address>0x152</load_address>
         <run_address>0x152</run_address>
         <size>0x32</size>
         <input_file_ref idref="fl-4d"/>
      </object_component>
   </object_component_list>
   <logical_group_list>
      <logical_group id="lg-2" display="no" color="cyan">
         <name>.bss</name>
         <run_address>0x200</run_address>
         <size>0x6</size>
         <contents>
            <object_component_ref idref="oc-120"/>
            <object_component_ref idref="oc-147"/>
            <object_component_ref idref="oc-144"/>
         </contents>
      </logical_group>
      <logical_group id="lg-4" display="no" color="cyan">
         <name>.TI.noinit</name>
         <run_address>0x0</run_address>
         <size>0x0</size>
         <contents>
         </contents>
      </logical_group>
      <logical_group id="lg-5" display="no" color="cyan">
         <name>.sysmem</name>
         <run_address>0x0</run_address>
         <size>0x0</size>
         <contents>
         </contents>
      </logical_group>
      <logical_group id="lg-6" display="no" color="cyan">
         <name>.stack</name>
         <run_address>0x3b0</run_address>
         <size>0x50</size>
         <contents>
            <object_component_ref idref="oc-8c"/>
            <object_component_ref idref="oc-1ae"/>
         </contents>
      </logical_group>
      <logical_group id="lg-7" display="no" color="cyan">
         <name>.text</name>
         <load_address>0xc000</load_address>
         <run_address>0xc000</run_address>
         <size>0x26a</size>
         <contents>
            <object_component_ref idref="oc-dc"/>
            <object_component_ref idref="oc-c2"/>
            <object_component_ref idref="oc-af"/>
            <object_component_ref idref="oc-10e"/>
            <object_component_ref idref="oc-11a"/>
            <object_component_ref idref="oc-123"/>
            <object_component_ref idref="oc-114"/>
            <object_component_ref idref="oc-68"/>
            <object_component_ref idref="oc-14b"/>
            <object_component_ref idref="oc-4a"/>
            <object_component_ref idref="oc-105"/>
            <object_component_ref idref="oc-aa"/>
            <object_component_ref idref="oc-bc"/>
            <object_component_ref idref="oc-e4"/>
         </contents>
      </logical_group>
      <logical_group id="lg-8" display="no" color="cyan">
         <name>.cinit</name>
         <load_address>0xc26a</load_address>
         <run_address>0xc26a</run_address>
         <size>0xa</size>
         <contents>
            <object_component_ref idref="oc-1ad"/>
            <object_component_ref idref="oc-1ab"/>
            <object_component_ref idref="oc-1ac"/>
         </contents>
      </logical_group>
      <logical_group id="lg-9" display="no" color="cyan">
         <name>.const</name>
         <run_address>0x0</run_address>
         <size>0x0</size>
         <contents>
         </contents>
      </logical_group>
      <logical_group id="lg-a" display="no" color="cyan">
         <name>.cio</name>
         <run_address>0x0</run_address>
         <size>0x0</size>
         <contents>
         </contents>
      </logical_group>
      <logical_group id="lg-b" display="no" color="cyan">
         <name>.pinit</name>
         <run_address>0x0</run_address>
         <size>0x0</size>
         <contents>
         </contents>
      </logical_group>
      <logical_group id="lg-c" display="no" color="cyan">
         <name>.init_array</name>
         <run_address>0x0</run_address>
         <size>0x0</size>
         <contents>
         </contents>
      </logical_group>
      <logical_group id="lg-d" display="no" color="cyan">
         <name>.mspabi.exidx</name>
         <run_address>0x0</run_address>
         <size>0x0</size>
         <contents>
         </contents>
      </logical_group>
      <logical_group id="lg-e" display="no" color="cyan">
         <name>.mspabi.extab</name>
         <run_address>0x0</run_address>
         <size>0x0</size>
         <contents>
         </contents>
      </logical_group>
      <logical_group id="lg-f" display="no" color="cyan">
         <name>.infoA</name>
         <run_address>0x0</run_address>
         <size>0x0</size>
         <contents>
         </contents>
      </logical_group>
      <logical_group id="lg-10" display="no" color="cyan">
         <name>.infoB</name>
         <run_address>0x0</run_address>
         <size>0x0</size>
         <contents>
         </contents>
      </logical_group>
      <logical_group id="lg-11" display="no" color="cyan">
         <name>.infoC</name>
         <run_address>0x0</run_address>
         <size>0x0</size>
         <contents>
         </contents>
      </logical_group>
      <logical_group id="lg-12" display="no" color="cyan">
         <name>.infoD</name>
         <run_address>0x0</run_address>
         <size>0x0</size>
         <contents>
         </contents>
      </logical_group>
      <logical_group id="lg-13" display="no" color="cyan">
         <name>TRAPINT</name>
         <load_address>0xffe0</load_address>
         <run_address>0xffe0</run_address>
         <size>0x2</size>
         <contents>
            <object_component_ref idref="oc-3d"/>
         </contents>
      </logical_group>
      <logical_group id="lg-15" display="no" color="cyan">
         <name>.int01</name>
         <run_address>0x0</run_address>
         <size>0x0</size>
         <contents>
         </contents>
      </logical_group>
      <logical_group id="lg-16" display="no" color="cyan">
         <name>PORT1</name>
         <load_address>0xffe4</load_address>
         <run_address>0xffe4</run_address>
         <size>0x2</size>
         <contents>
            <object_component_ref idref="oc-3e"/>
         </contents>
      </logical_group>
      <logical_group id="lg-18" display="no" color="cyan">
         <name>PORT2</name>
         <load_address>0xffe6</load_address>
         <run_address>0xffe6</run_address>
         <size>0x2</size>
         <contents>
            <object_component_ref idref="oc-3f"/>
         </contents>
      </logical_group>
      <logical_group id="lg-1a" display="no" color="cyan">
         <name>.int04</name>
         <run_address>0x0</run_address>
         <size>0x0</size>
         <contents>
         </contents>
      </logical_group>
      <logical_group id="lg-1b" display="no" color="cyan">
         <name>ADC10</name>
         <load_address>0xffea</load_address>
         <run_address>0xffea</run_address>
         <size>0x2</size>
         <contents>
            <object_component_ref idref="oc-40"/>
         </contents>
      </logical_group>
      <logical_group id="lg-1d" display="no" color="cyan">
         <name>USCIAB0TX</name>
         <load_address>0xffec</load_address>
         <run_address>0xffec</run_address>
         <size>0x2</size>
         <contents>
            <object_component_ref idref="oc-41"/>
         </contents>
      </logical_group>
      <logical_group id="lg-1f" display="no" color="cyan">
         <name>USCIAB0RX</name>
         <load_address>0xffee</load_address>
         <run_address>0xffee</run_address>
         <size>0x2</size>
         <contents>
            <object_component_ref idref="oc-42"/>
         </contents>
      </logical_group>
      <logical_group id="lg-21" display="no" color="cyan">
         <name>TIMER0_A1</name>
         <load_address>0xfff0</load_address>
         <run_address>0xfff0</run_address>
         <size>0x2</size>
         <contents>
            <object_component_ref idref="oc-43"/>
         </contents>
      </logical_group>
      <logical_group id="lg-23" display="no" color="cyan">
         <name>TIMER0_A0</name>
         <load_address>0xfff2</load_address>
         <run_address>0xfff2</run_address>
         <size>0x2</size>
         <contents>
            <object_component_ref idref="oc-44"/>
         </contents>
      </logical_group>
      <logical_group id="lg-25" display="no" color="cyan">
         <name>WDT</name>
         <load_address>0xfff4</load_address>
         <run_address>0xfff4</run_address>
         <size>0x2</size>
         <contents>
            <object_component_ref idref="oc-45"/>
         </contents>
      </logical_group>
      <logical_group id="lg-27" display="no" color="cyan">
         <name>COMPARATORA</name>
         <load_address>0xfff6</load_address>
         <run_address>0xfff6</run_address>
         <size>0x2</size>
         <contents>
            <object_component_ref idref="oc-46"/>
         </contents>
      </logical_group>
      <logical_group id="lg-29" display="no" color="cyan">
         <name>TIMER1_A1</name>
         <load_address>0xfff8</load_address>
         <run_address>0xfff8</run_address>
         <size>0x2</size>
         <contents>
            <object_component_ref idref="oc-47"/>
         </contents>
      </logical_group>
      <logical_group id="lg-2b" display="no" color="cyan">
         <name>TIMER1_A0</name>
         <load_address>0xfffa</load_address>
         <run_address>0xfffa</run_address>
         <size>0x2</size>
         <contents>
            <object_component_ref idref="oc-48"/>
         </contents>
      </logical_group>
      <logical_group id="lg-2d" display="no" color="cyan">
         <name>NMI</name>
         <load_address>0xfffc</load_address>
         <run_address>0xfffc</run_address>
         <size>0x2</size>
         <contents>
            <object_component_ref idref="oc-49"/>
         </contents>
      </logical_group>
      <logical_group id="lg-2f" display="no" color="cyan">
         <name>.reset</name>
         <load_address>0xfffe</load_address>
         <run_address>0xfffe</run_address>
         <size>0x2</size>
         <contents>
            <object_component_ref idref="oc-8f"/>
         </contents>
      </logical_group>
      <logical_group id="lg-178" display="no" color="cyan">
         <name>.TI.persistent</name>
         <run_address>0x0</run_address>
         <size>0x0</size>
         <contents>
         </contents>
      </logical_group>
      <logical_group id="lg-3" display="no" color="cyan">
         <name>.data</name>
         <run_address>0x0</run_address>
         <size>0x0</size>
         <contents>
         </contents>
      </logical_group>
      <logical_group id="lg-177" display="no" color="cyan">
         <name>DATA_GROUP</name>
         <run_address>0x0</run_address>
         <size>0x0</size>
         <contents>
            <logical_group_ref idref="lg-178"/>
            <logical_group_ref idref="lg-3"/>
         </contents>
      </logical_group>
      <logical_group id="lg-19b" display="never" color="cyan">
         <name>.debug_info</name>
         <load_address>0x0</load_address>
         <run_address>0x0</run_address>
         <size>0x1b3a</size>
         <contents>
            <object_component_ref idref="oc-121"/>
            <object_component_ref idref="oc-dd"/>
            <object_component_ref idref="oc-115"/>
            <object_component_ref idref="oc-10f"/>
            <object_component_ref idref="oc-11b"/>
            <object_component_ref idref="oc-b0"/>
            <object_component_ref idref="oc-f2"/>
            <object_component_ref idref="oc-8d"/>
            <object_component_ref idref="oc-69"/>
            <object_component_ref idref="oc-bb"/>
            <object_component_ref idref="oc-4b"/>
            <object_component_ref idref="oc-b6"/>
            <object_component_ref idref="oc-f9"/>
            <object_component_ref idref="oc-126"/>
            <object_component_ref idref="oc-14c"/>
            <object_component_ref idref="oc-106"/>
            <object_component_ref idref="oc-e5"/>
            <object_component_ref idref="oc-ab"/>
            <object_component_ref idref="oc-bd"/>
            <object_component_ref idref="oc-12d"/>
            <object_component_ref idref="oc-c3"/>
            <object_component_ref idref="oc-153"/>
            <object_component_ref idref="oc-1af"/>
         </contents>
      </logical_group>
      <logical_group id="lg-19d" display="never" color="cyan">
         <name>.debug_line</name>
         <load_address>0x0</load_address>
         <run_address>0x0</run_address>
         <size>0x63a</size>
         <contents>
            <object_component_ref idref="oc-14a"/>
            <object_component_ref idref="oc-e0"/>
            <object_component_ref idref="oc-118"/>
            <object_component_ref idref="oc-112"/>
            <object_component_ref idref="oc-11e"/>
            <object_component_ref idref="oc-b3"/>
            <object_component_ref idref="oc-f5"/>
            <object_component_ref idref="oc-f1"/>
            <object_component_ref idref="oc-6c"/>
            <object_component_ref idref="oc-12a"/>
            <object_component_ref idref="oc-4e"/>
            <object_component_ref idref="oc-b9"/>
            <object_component_ref idref="oc-fc"/>
            <object_component_ref idref="oc-125"/>
            <object_component_ref idref="oc-14f"/>
            <object_component_ref idref="oc-109"/>
            <object_component_ref idref="oc-e8"/>
            <object_component_ref idref="oc-ae"/>
            <object_component_ref idref="oc-c0"/>
            <object_component_ref idref="oc-152"/>
            <object_component_ref idref="oc-c6"/>
            <object_component_ref idref="oc-156"/>
         </contents>
      </logical_group>
      <logical_group id="lg-19f" display="never" color="cyan">
         <name>.debug_frame</name>
         <load_address>0x0</load_address>
         <run_address>0x0</run_address>
         <size>0x2f9</size>
         <contents>
            <object_component_ref idref="oc-e1"/>
            <object_component_ref idref="oc-119"/>
            <object_component_ref idref="oc-113"/>
            <object_component_ref idref="oc-11f"/>
            <object_component_ref idref="oc-b4"/>
            <object_component_ref idref="oc-6d"/>
            <object_component_ref idref="oc-4f"/>
            <object_component_ref idref="oc-e9"/>
            <object_component_ref idref="oc-c1"/>
            <object_component_ref idref="oc-c7"/>
         </contents>
      </logical_group>
      <logical_group id="lg-1a1" display="never" color="cyan">
         <name>.debug_abbrev</name>
         <load_address>0x0</load_address>
         <run_address>0x0</run_address>
         <size>0x65e</size>
         <contents>
            <object_component_ref idref="oc-149"/>
            <object_component_ref idref="oc-13f"/>
            <object_component_ref idref="oc-146"/>
            <object_component_ref idref="oc-145"/>
            <object_component_ref idref="oc-148"/>
            <object_component_ref idref="oc-128"/>
            <object_component_ref idref="oc-f4"/>
            <object_component_ref idref="oc-f0"/>
            <object_component_ref idref="oc-ea"/>
            <object_component_ref idref="oc-129"/>
            <object_component_ref idref="oc-b5"/>
            <object_component_ref idref="oc-b8"/>
            <object_component_ref idref="oc-fb"/>
            <object_component_ref idref="oc-150"/>
            <object_component_ref idref="oc-171"/>
            <object_component_ref idref="oc-143"/>
            <object_component_ref idref="oc-140"/>
            <object_component_ref idref="oc-10d"/>
            <object_component_ref idref="oc-12b"/>
            <object_component_ref idref="oc-151"/>
            <object_component_ref idref="oc-12c"/>
            <object_component_ref idref="oc-155"/>
            <object_component_ref idref="oc-1b0"/>
         </contents>
      </logical_group>
      <logical_group id="lg-1a3" display="never" color="cyan">
         <name>.debug_str</name>
         <load_address>0x0</load_address>
         <run_address>0x0</run_address>
         <size>0x38f</size>
         <contents>
            <object_component_ref idref="oc-f6"/>
            <object_component_ref idref="oc-ba"/>
            <object_component_ref idref="oc-fd"/>
            <object_component_ref idref="oc-157"/>
         </contents>
      </logical_group>
      <logical_group id="lg-1a5" display="never" color="cyan">
         <name>.debug_aranges</name>
         <load_address>0x0</load_address>
         <run_address>0x0</run_address>
         <size>0x1c0</size>
         <contents>
            <object_component_ref idref="oc-de"/>
            <object_component_ref idref="oc-116"/>
            <object_component_ref idref="oc-110"/>
            <object_component_ref idref="oc-11c"/>
            <object_component_ref idref="oc-b1"/>
            <object_component_ref idref="oc-6a"/>
            <object_component_ref idref="oc-4c"/>
            <object_component_ref idref="oc-124"/>
            <object_component_ref idref="oc-14d"/>
            <object_component_ref idref="oc-107"/>
            <object_component_ref idref="oc-e6"/>
            <object_component_ref idref="oc-ac"/>
            <object_component_ref idref="oc-be"/>
            <object_component_ref idref="oc-c4"/>
         </contents>
      </logical_group>
      <logical_group id="lg-1a7" display="never" color="cyan">
         <name>.debug_pubnames</name>
         <load_address>0x0</load_address>
         <run_address>0x0</run_address>
         <size>0x24d</size>
         <contents>
            <object_component_ref idref="oc-122"/>
            <object_component_ref idref="oc-df"/>
            <object_component_ref idref="oc-117"/>
            <object_component_ref idref="oc-111"/>
            <object_component_ref idref="oc-11d"/>
            <object_component_ref idref="oc-b2"/>
            <object_component_ref idref="oc-8e"/>
            <object_component_ref idref="oc-6b"/>
            <object_component_ref idref="oc-4d"/>
            <object_component_ref idref="oc-127"/>
            <object_component_ref idref="oc-14e"/>
            <object_component_ref idref="oc-108"/>
            <object_component_ref idref="oc-e7"/>
            <object_component_ref idref="oc-ad"/>
            <object_component_ref idref="oc-bf"/>
            <object_component_ref idref="oc-c5"/>
         </contents>
      </logical_group>
      <logical_group id="lg-1a9" display="never" color="cyan">
         <name>.debug_pubtypes</name>
         <load_address>0x0</load_address>
         <run_address>0x0</run_address>
         <size>0x184</size>
         <contents>
            <object_component_ref idref="oc-f3"/>
            <object_component_ref idref="oc-b7"/>
            <object_component_ref idref="oc-fa"/>
            <object_component_ref idref="oc-154"/>
         </contents>
      </logical_group>
      <load_segment id="lg-1b1" display="no" color="cyan">
         <name>SEGMENT_0</name>
         <run_address>0x200</run_address>
         <size>0x6</size>
         <flags>0x6</flags>
         <contents>
            <logical_group_ref idref="lg-2"/>
         </contents>
      </load_segment>
      <load_segment id="lg-1b2" display="no" color="cyan">
         <name>SEGMENT_1</name>
         <run_address>0x3b0</run_address>
         <size>0x50</size>
         <flags>0x6</flags>
         <contents>
            <logical_group_ref idref="lg-6"/>
         </contents>
      </load_segment>
      <load_segment id="lg-1b3" display="no" color="cyan">
         <name>SEGMENT_2</name>
         <load_address>0xc000</load_address>
         <run_address>0xc000</run_address>
         <size>0x274</size>
         <flags>0x5</flags>
         <contents>
            <logical_group_ref idref="lg-7"/>
            <logical_group_ref idref="lg-8"/>
         </contents>
      </load_segment>
      <load_segment id="lg-1b4" display="no" color="cyan">
         <name>SEGMENT_3</name>
         <load_address>0xffe0</load_address>
         <run_address>0xffe0</run_address>
         <size>0x2</size>
         <flags>0x4</flags>
         <contents>
            <logical_group_ref idref="lg-13"/>
         </contents>
      </load_segment>
      <load_segment id="lg-1b5" display="no" color="cyan">
         <name>SEGMENT_4</name>
         <load_address>0xffe4</load_address>
         <run_address>0xffe4</run_address>
         <size>0x4</size>
         <flags>0x4</flags>
         <contents>
            <logical_group_ref idref="lg-16"/>
            <logical_group_ref idref="lg-18"/>
         </contents>
      </load_segment>
      <load_segment id="lg-1b6" display="no" color="cyan">
         <name>SEGMENT_5</name>
         <load_address>0xffea</load_address>
         <run_address>0xffea</run_address>
         <size>0x16</size>
         <flags>0x4</flags>
         <contents>
            <logical_group_ref idref="lg-1b"/>
            <logical_group_ref idref="lg-1d"/>
            <logical_group_ref idref="lg-1f"/>
            <logical_group_ref idref="lg-21"/>
            <logical_group_ref idref="lg-23"/>
            <logical_group_ref idref="lg-25"/>
            <logical_group_ref idref="lg-27"/>
            <logical_group_ref idref="lg-29"/>
            <logical_group_ref idref="lg-2b"/>
            <logical_group_ref idref="lg-2d"/>
            <logical_group_ref idref="lg-2f"/>
         </contents>
      </load_segment>
   </logical_group_list>
   <placement_map>
      <memory_area display="no" color="green">
         <name>SFR</name>
         <page_id>0x0</page_id>
         <origin>0x0</origin>
         <length>0x10</length>
         <used_space>0x0</used_space>
         <unused_space>0x10</unused_space>
         <attributes>RWIX</attributes>
         <usage_details>
         </usage_details>
      </memory_area>
      <memory_area display="yes" color="green">
         <name>PERIPHERALS_8BIT</name>
         <page_id>0x0</page_id>
         <origin>0x10</origin>
         <length>0xf0</length>
         <used_space>0x0</used_space>
         <unused_space>0xf0</unused_space>
         <attributes>RWIX</attributes>
         <usage_details>
         </usage_details>
      </memory_area>
      <memory_area display="yes" color="green">
         <name>PERIPHERALS_16BIT</name>
         <page_id>0x0</page_id>
         <origin>0x100</origin>
         <length>0x100</length>
         <used_space>0x0</used_space>
         <unused_space>0x100</unused_space>
         <attributes>RWIX</attributes>
         <usage_details>
         </usage_details>
      </memory_area>
      <memory_area display="yes" color="green">
         <name>RAM</name>
         <page_id>0x0</page_id>
         <origin>0x200</origin>
         <length>0x200</length>
         <used_space>0x56</used_space>
         <unused_space>0x1aa</unused_space>
         <attributes>RWIX</attributes>
         <usage_details>
            <allocated_space>
               <start_address>0x200</start_address>
               <size>0x6</size>
               <logical_group_ref idref="lg-2"/>
            </allocated_space>
            <available_space>
               <start_address>0x206</start_address>
               <size>0x1aa</size>
            </available_space>
            <allocated_space>
               <start_address>0x3b0</start_address>
               <size>0x50</size>
               <logical_group_ref idref="lg-6"/>
            </allocated_space>
         </usage_details>
      </memory_area>
      <memory_area display="no" color="green">
         <name>INFOD</name>
         <page_id>0x0</page_id>
         <origin>0x1000</origin>
         <length>0x40</length>
         <used_space>0x0</used_space>
         <unused_space>0x40</unused_space>
         <attributes>RWIX</attributes>
         <usage_details>
         </usage_details>
      </memory_area>
      <memory_area display="no" color="green">
         <name>INFOC</name>
         <page_id>0x0</page_id>
         <origin>0x1040</origin>
         <length>0x40</length>
         <used_space>0x0</used_space>
         <unused_space>0x40</unused_space>
         <attributes>RWIX</attributes>
         <usage_details>
         </usage_details>
      </memory_area>
      <memory_area display="no" color="green">
         <name>INFOB</name>
         <page_id>0x0</page_id>
         <origin>0x1080</origin>
         <length>0x40</length>
         <used_space>0x0</used_space>
         <unused_space>0x40</unused_space>
         <attributes>RWIX</attributes>
         <usage_details>
         </usage_details>
      </memory_area>
      <memory_area display="no" color="green">
         <name>INFOA</name>
         <page_id>0x0</page_id>
         <origin>0x10c0</origin>
         <length>0x40</length>
         <used_space>0x0</used_space>
         <unused_space>0x40</unused_space>
         <attributes>RWIX</attributes>
         <usage_details>
         </usage_details>
      </memory_area>
      <memory_area display="yes" color="green">
         <name>FLASH</name>
         <page_id>0x0</page_id>
         <origin>0xc000</origin>
         <length>0x3fe0</length>
         <used_space>0x274</used_space>
         <unused_space>0x3d6c</unused_space>
         <attributes>RWIX</attributes>
         <usage_details>
            <allocated_space>
               <start_address>0xc000</start_address>
               <size>0x26a</size>
               <logical_group_ref idref="lg-7"/>
            </allocated_space>
            <allocated_space>
               <start_address>0xc26a</start_address>
               <size>0xa</size>
               <logical_group_ref idref="lg-8"/>
            </allocated_space>
            <available_space>
               <start_address>0xc274</start_address>
               <size>0x3d6c</size>
            </available_space>
         </usage_details>
      </memory_area>
      <memory_area display="no" color="green">
         <name>INT00</name>
         <page_id>0x0</page_id>
         <origin>0xffe0</origin>
         <length>0x2</length>
         <used_space>0x2</used_space>
         <unused_space>0x0</unused_space>
         <attributes>RWIX</attributes>
         <usage_details>
            <allocated_space>
               <start_address>0xffe0</start_address>
               <size>0x2</size>
               <logical_group_ref idref="lg-13"/>
            </allocated_space>
         </usage_details>
      </memory_area>
      <memory_area display="no" color="green">
         <name>INT01</name>
         <page_id>0x0</page_id>
         <origin>0xffe2</origin>
         <length>0x2</length>
         <used_space>0x0</used_space>
         <unused_space>0x2</unused_space>
         <attributes>RWIX</attributes>
         <usage_details>
         </usage_details>
      </memory_area>
      <memory_area display="no" color="green">
         <name>INT02</name>
         <page_id>0x0</page_id>
         <origin>0xffe4</origin>
         <length>0x2</length>
         <used_space>0x2</used_space>
         <unused_space>0x0</unused_space>
         <attributes>RWIX</attributes>
         <usage_details>
            <allocated_space>
               <start_address>0xffe4</start_address>
               <size>0x2</size>
               <logical_group_ref idref="lg-16"/>
            </allocated_space>
         </usage_details>
      </memory_area>
      <memory_area display="no" color="green">
         <name>INT03</name>
         <page_id>0x0</page_id>
         <origin>0xffe6</origin>
         <length>0x2</length>
         <used_space>0x2</used_space>
         <unused_space>0x0</unused_space>
         <attributes>RWIX</attributes>
         <usage_details>
            <allocated_space>
               <start_address>0xffe6</start_address>
               <size>0x2</size>
               <logical_group_ref idref="lg-18"/>
            </allocated_space>
         </usage_details>
      </memory_area>
      <memory_area display="no" color="green">
         <name>INT04</name>
         <page_id>0x0</page_id>
         <origin>0xffe8</origin>
         <length>0x2</length>
         <used_space>0x0</used_space>
         <unused_space>0x2</unused_space>
         <attributes>RWIX</attributes>
         <usage_details>
         </usage_details>
      </memory_area>
      <memory_area display="no" color="green">
         <name>INT05</name>
         <page_id>0x0</page_id>
         <origin>0xffea</origin>
         <length>0x2</length>
         <used_space>0x2</used_space>
         <unused_space>0x0</unused_space>
         <attributes>RWIX</attributes>
         <usage_details>
            <allocated_space>
               <start_address>0xffea</start_address>
               <size>0x2</size>
               <logical_group_ref idref="lg-1b"/>
            </allocated_space>
         </usage_details>
      </memory_area>
      <memory_area display="no" color="green">
         <name>INT06</name>
         <page_id>0x0</page_id>
         <origin>0xffec</origin>
         <length>0x2</length>
         <used_space>0x2</used_space>
         <unused_space>0x0</unused_space>
         <attributes>RWIX</attributes>
         <usage_details>
            <allocated_space>
               <start_address>0xffec</start_address>
               <size>0x2</size>
               <logical_group_ref idref="lg-1d"/>
            </allocated_space>
         </usage_details>
      </memory_area>
      <memory_area display="no" color="green">
         <name>INT07</name>
         <page_id>0x0</page_id>
         <origin>0xffee</origin>
         <length>0x2</length>
         <used_space>0x2</used_space>
         <unused_space>0x0</unused_space>
         <attributes>RWIX</attributes>
         <usage_details>
            <allocated_space>
               <start_address>0xffee</start_address>
               <size>0x2</size>
               <logical_group_ref idref="lg-1f"/>
            </allocated_space>
         </usage_details>
      </memory_area>
      <memory_area display="no" color="green">
         <name>INT08</name>
         <page_id>0x0</page_id>
         <origin>0xfff0</origin>
         <length>0x2</length>
         <used_space>0x2</used_space>
         <unused_space>0x0</unused_space>
         <attributes>RWIX</attributes>
         <usage_details>
            <allocated_space>
               <start_address>0xfff0</start_address>
               <size>0x2</size>
               <logical_group_ref idref="lg-21"/>
            </allocated_space>
         </usage_details>
      </memory_area>
      <memory_area display="no" color="green">
         <name>INT09</name>
         <page_id>0x0</page_id>
         <origin>0xfff2</origin>
         <length>0x2</length>
         <used_space>0x2</used_space>
         <unused_space>0x0</unused_space>
         <attributes>RWIX</attributes>
         <usage_details>
            <allocated_space>
               <start_address>0xfff2</start_address>
               <size>0x2</size>
               <logical_group_ref idref="lg-23"/>
            </allocated_space>
         </usage_details>
      </memory_area>
      <memory_area display="no" color="green">
         <name>INT10</name>
         <page_id>0x0</page_id>
         <origin>0xfff4</origin>
         <length>0x2</length>
         <used_space>0x2</used_space>
         <unused_space>0x0</unused_space>
         <attributes>RWIX</attributes>
         <usage_details>
            <allocated_space>
               <start_address>0xfff4</start_address>
               <size>0x2</size>
               <logical_group_ref idref="lg-25"/>
            </allocated_space>
         </usage_details>
      </memory_area>
      <memory_area display="no" color="green">
         <name>INT11</name>
         <page_id>0x0</page_id>
         <origin>0xfff6</origin>
         <length>0x2</length>
         <used_space>0x2</used_space>
         <unused_space>0x0</unused_space>
         <attributes>RWIX</attributes>
         <usage_details>
            <allocated_space>
               <start_address>0xfff6</start_address>
               <size>0x2</size>
               <logical_group_ref idref="lg-27"/>
            </allocated_space>
         </usage_details>
      </memory_area>
      <memory_area display="no" color="green">
         <name>INT12</name>
         <page_id>0x0</page_id>
         <origin>0xfff8</origin>
         <length>0x2</length>
         <used_space>0x2</used_space>
         <unused_space>0x0</unused_space>
         <attributes>RWIX</attributes>
         <usage_details>
            <allocated_space>
               <start_address>0xfff8</start_address>
               <size>0x2</size>
               <logical_group_ref idref="lg-29"/>
            </allocated_space>
         </usage_details>
      </memory_area>
      <memory_area display="no" color="green">
         <name>INT13</name>
         <page_id>0x0</page_id>
         <origin>0xfffa</origin>
         <length>0x2</length>
         <used_space>0x2</used_space>
         <unused_space>0x0</unused_space>
         <attributes>RWIX</attributes>
         <usage_details>
            <allocated_space>
               <start_address>0xfffa</start_address>
               <size>0x2</size>
               <logical_group_ref idref="lg-2b"/>
            </allocated_space>
         </usage_details>
      </memory_area>
      <memory_area display="no" color="green">
         <name>INT14</name>
         <page_id>0x0</page_id>
         <origin>0xfffc</origin>
         <length>0x2</length>
         <used_space>0x2</used_space>
         <unused_space>0x0</unused_space>
         <attributes>RWIX</attributes>
         <usage_details>
            <allocated_space>
               <start_address>0xfffc</start_address>
               <size>0x2</size>
               <logical_group_ref idref="lg-2d"/>
            </allocated_space>
         </usage_details>
      </memory_area>
      <memory_area display="no" color="green">
         <name>RESET</name>
         <page_id>0x0</page_id>
         <origin>0xfffe</origin>
         <length>0x2</length>
         <used_space>0x2</used_space>
         <unused_space>0x0</unused_space>
         <attributes>RWIX</attributes>
         <usage_details>
            <allocated_space>
               <start_address>0xfffe</start_address>
               <size>0x2</size>
               <logical_group_ref idref="lg-2f"/>
            </allocated_space>
         </usage_details>
      </memory_area>
   </placement_map>
   <cptbl_list>
      <cptbl>
         <name>__TI_cinit_table</name>
         <cprec>
            <name>.bss</name>
            <load_address>0xc26a</load_address>
            <load_size>0x4</load_size>
            <run_address>0x200</run_address>
            <run_size>0x6</run_size>
            <compression>zero_init</compression>
         </cprec>
      </cptbl>
   </cptbl_list>
   <handler_table>
      <handler_table_name>__TI_handler_table</handler_table_name>
      <handler>
         <index>0x0</index>
         <name>__TI_zero_init</name>
      </handler>
   </handler_table>
   <symbol_table>
      <symbol id="sm-1">
         <name>IE1</name>
         <value>0x0</value>
      </symbol>
      <symbol id="sm-2">
         <name>IFG1</name>
         <value>0x2</value>
      </symbol>
      <symbol id="sm-3">
         <name>IE2</name>
         <value>0x1</value>
      </symbol>
      <symbol id="sm-4">
         <name>IFG2</name>
         <value>0x3</value>
      </symbol>
      <symbol id="sm-5">
         <name>ADC10DTC0</name>
         <value>0x48</value>
      </symbol>
      <symbol id="sm-6">
         <name>ADC10DTC1</name>
         <value>0x49</value>
      </symbol>
      <symbol id="sm-7">
         <name>ADC10AE0</name>
         <value>0x4a</value>
      </symbol>
      <symbol id="sm-8">
         <name>ADC10CTL0</name>
         <value>0x1b0</value>
      </symbol>
      <symbol id="sm-9">
         <name>ADC10CTL1</name>
         <value>0x1b2</value>
      </symbol>
      <symbol id="sm-a">
         <name>ADC10MEM</name>
         <value>0x1b4</value>
      </symbol>
      <symbol id="sm-b">
         <name>ADC10SA</name>
         <value>0x1bc</value>
      </symbol>
      <symbol id="sm-c">
         <name>DCOCTL</name>
         <value>0x56</value>
      </symbol>
      <symbol id="sm-d">
         <name>BCSCTL1</name>
         <value>0x57</value>
      </symbol>
      <symbol id="sm-e">
         <name>BCSCTL2</name>
         <value>0x58</value>
      </symbol>
      <symbol id="sm-f">
         <name>BCSCTL3</name>
         <value>0x53</value>
      </symbol>
      <symbol id="sm-10">
         <name>CACTL1</name>
         <value>0x59</value>
      </symbol>
      <symbol id="sm-11">
         <name>CACTL2</name>
         <value>0x5a</value>
      </symbol>
      <symbol id="sm-12">
         <name>CAPD</name>
         <value>0x5b</value>
      </symbol>
      <symbol id="sm-13">
         <name>FCTL1</name>
         <value>0x128</value>
      </symbol>
      <symbol id="sm-14">
         <name>FCTL2</name>
         <value>0x12a</value>
      </symbol>
      <symbol id="sm-15">
         <name>FCTL3</name>
         <value>0x12c</value>
      </symbol>
      <symbol id="sm-16">
         <name>P1IN</name>
         <value>0x20</value>
      </symbol>
      <symbol id="sm-17">
         <name>P1OUT</name>
         <value>0x21</value>
      </symbol>
      <symbol id="sm-18">
         <name>P1DIR</name>
         <value>0x22</value>
      </symbol>
      <symbol id="sm-19">
         <name>P1IFG</name>
         <value>0x23</value>
      </symbol>
      <symbol id="sm-1a">
         <name>P1IES</name>
         <value>0x24</value>
      </symbol>
      <symbol id="sm-1b">
         <name>P1IE</name>
         <value>0x25</value>
      </symbol>
      <symbol id="sm-1c">
         <name>P1SEL</name>
         <value>0x26</value>
      </symbol>
      <symbol id="sm-1d">
         <name>P1SEL2</name>
         <value>0x41</value>
      </symbol>
      <symbol id="sm-1e">
         <name>P1REN</name>
         <value>0x27</value>
      </symbol>
      <symbol id="sm-1f">
         <name>P2IN</name>
         <value>0x28</value>
      </symbol>
      <symbol id="sm-20">
         <name>P2OUT</name>
         <value>0x29</value>
      </symbol>
      <symbol id="sm-21">
         <name>P2DIR</name>
         <value>0x2a</value>
      </symbol>
      <symbol id="sm-22">
         <name>P2IFG</name>
         <value>0x2b</value>
      </symbol>
      <symbol id="sm-23">
         <name>P2IES</name>
         <value>0x2c</value>
      </symbol>
      <symbol id="sm-24">
         <name>P2IE</name>
         <value>0x2d</value>
      </symbol>
      <symbol id="sm-25">
         <name>P2SEL</name>
         <value>0x2e</value>
      </symbol>
      <symbol id="sm-26">
         <name>P2SEL2</name>
         <value>0x42</value>
      </symbol>
      <symbol id="sm-27">
         <name>P2REN</name>
         <value>0x2f</value>
      </symbol>
      <symbol id="sm-28">
         <name>P3IN</name>
         <value>0x18</value>
      </symbol>
      <symbol id="sm-29">
         <name>P3OUT</name>
         <value>0x19</value>
      </symbol>
      <symbol id="sm-2a">
         <name>P3DIR</name>
         <value>0x1a</value>
      </symbol>
      <symbol id="sm-2b">
         <name>P3SEL</name>
         <value>0x1b</value>
      </symbol>
      <symbol id="sm-2c">
         <name>P3SEL2</name>
         <value>0x43</value>
      </symbol>
      <symbol id="sm-2d">
         <name>P3REN</name>
         <value>0x10</value>
      </symbol>
      <symbol id="sm-2e">
         <name>TA0IV</name>
         <value>0x12e</value>
      </symbol>
      <symbol id="sm-2f">
         <name>TA0CTL</name>
         <value>0x160</value>
      </symbol>
      <symbol id="sm-30">
         <name>TA0CCTL0</name>
         <value>0x162</value>
      </symbol>
      <symbol id="sm-31">
         <name>TA0CCTL1</name>
         <value>0x164</value>
      </symbol>
      <symbol id="sm-32">
         <name>TA0CCTL2</name>
         <value>0x166</value>
      </symbol>
      <symbol id="sm-33">
         <name>TA0R</name>
         <value>0x170</value>
      </symbol>
      <symbol id="sm-34">
         <name>TA0CCR0</name>
         <value>0x172</value>
      </symbol>
      <symbol id="sm-35">
         <name>TA0CCR1</name>
         <value>0x174</value>
      </symbol>
      <symbol id="sm-36">
         <name>TA0CCR2</name>
         <value>0x176</value>
      </symbol>
      <symbol id="sm-37">
         <name>TA1IV</name>
         <value>0x11e</value>
      </symbol>
      <symbol id="sm-38">
         <name>TA1CTL</name>
         <value>0x180</value>
      </symbol>
      <symbol id="sm-39">
         <name>TA1CCTL0</name>
         <value>0x182</value>
      </symbol>
      <symbol id="sm-3a">
         <name>TA1CCTL1</name>
         <value>0x184</value>
      </symbol>
      <symbol id="sm-3b">
         <name>TA1CCTL2</name>
         <value>0x186</value>
      </symbol>
      <symbol id="sm-3c">
         <name>TA1R</name>
         <value>0x190</value>
      </symbol>
      <symbol id="sm-3d">
         <name>TA1CCR0</name>
         <value>0x192</value>
      </symbol>
      <symbol id="sm-3e">
         <name>TA1CCR1</name>
         <value>0x194</value>
      </symbol>
      <symbol id="sm-3f">
         <name>TA1CCR2</name>
         <value>0x196</value>
      </symbol>
      <symbol id="sm-40">
         <name>UCA0CTL0</name>
         <value>0x60</value>
      </symbol>
      <symbol id="sm-41">
         <name>UCA0CTL1</name>
         <value>0x61</value>
      </symbol>
      <symbol id="sm-42">
         <name>UCA0BR0</name>
         <value>0x62</value>
      </symbol>
      <symbol id="sm-43">
         <name>UCA0BR1</name>
         <value>0x63</value>
      </symbol>
      <symbol id="sm-44">
         <name>UCA0MCTL</name>
         <value>0x64</value>
      </symbol>
      <symbol id="sm-45">
         <name>UCA0STAT</name>
         <value>0x65</value>
      </symbol>
      <symbol id="sm-46">
         <name>UCA0RXBUF</name>
         <value>0x66</value>
      </symbol>
      <symbol id="sm-47">
         <name>UCA0TXBUF</name>
         <value>0x67</value>
      </symbol>
      <symbol id="sm-48">
         <name>UCA0ABCTL</name>
         <value>0x5d</value>
      </symbol>
      <symbol id="sm-49">
         <name>UCA0IRTCTL</name>
         <value>0x5e</value>
      </symbol>
      <symbol id="sm-4a">
         <name>UCA0IRRCTL</name>
         <value>0x5f</value>
      </symbol>
      <symbol id="sm-4b">
         <name>UCB0CTL0</name>
         <value>0x68</value>
      </symbol>
      <symbol id="sm-4c">
         <name>UCB0CTL1</name>
         <value>0x69</value>
      </symbol>
      <symbol id="sm-4d">
         <name>UCB0BR0</name>
         <value>0x6a</value>
      </symbol>
      <symbol id="sm-4e">
         <name>UCB0BR1</name>
         <value>0x6b</value>
      </symbol>
      <symbol id="sm-4f">
         <name>UCB0I2CIE</name>
         <value>0x6c</value>
      </symbol>
      <symbol id="sm-50">
         <name>UCB0STAT</name>
         <value>0x6d</value>
      </symbol>
      <symbol id="sm-51">
         <name>UCB0RXBUF</name>
         <value>0x6e</value>
      </symbol>
      <symbol id="sm-52">
         <name>UCB0TXBUF</name>
         <value>0x6f</value>
      </symbol>
      <symbol id="sm-53">
         <name>UCB0I2COA</name>
         <value>0x118</value>
      </symbol>
      <symbol id="sm-54">
         <name>UCB0I2CSA</name>
         <value>0x11a</value>
      </symbol>
      <symbol id="sm-55">
         <name>WDTCTL</name>
         <value>0x120</value>
      </symbol>
      <symbol id="sm-56">
         <name>CALDCO_16MHZ</name>
         <value>0x10f8</value>
      </symbol>
      <symbol id="sm-57">
         <name>CALBC1_16MHZ</name>
         <value>0x10f9</value>
      </symbol>
      <symbol id="sm-58">
         <name>CALDCO_12MHZ</name>
         <value>0x10fa</value>
      </symbol>
      <symbol id="sm-59">
         <name>CALBC1_12MHZ</name>
         <value>0x10fb</value>
      </symbol>
      <symbol id="sm-5a">
         <name>CALDCO_8MHZ</name>
         <value>0x10fc</value>
      </symbol>
      <symbol id="sm-5b">
         <name>CALBC1_8MHZ</name>
         <value>0x10fd</value>
      </symbol>
      <symbol id="sm-5c">
         <name>CALDCO_1MHZ</name>
         <value>0x10fe</value>
      </symbol>
      <symbol id="sm-5d">
         <name>CALBC1_1MHZ</name>
         <value>0x10ff</value>
      </symbol>
      <symbol id="sm-5e">
         <name>TLV_CHECKSUM</name>
         <value>0x10c0</value>
      </symbol>
      <symbol id="sm-5f">
         <name>TLV_DCO_30_TAG</name>
         <value>0x10f6</value>
      </symbol>
      <symbol id="sm-60">
         <name>TLV_DCO_30_LEN</name>
         <value>0x10f7</value>
      </symbol>
      <symbol id="sm-61">
         <name>TLV_ADC10_1_TAG</name>
         <value>0x10da</value>
      </symbol>
      <symbol id="sm-62">
         <name>TLV_ADC10_1_LEN</name>
         <value>0x10db</value>
      </symbol>
      <symbol id="sm-63">
         <name>__TI_CINIT_Base</name>
         <value>0xc270</value>
      </symbol>
      <symbol id="sm-64">
         <name>__TI_CINIT_Limit</name>
         <value>0xc274</value>
      </symbol>
      <symbol id="sm-65">
         <name>__TI_Handler_Table_Base</name>
         <value>0xc26e</value>
      </symbol>
      <symbol id="sm-66">
         <name>__TI_Handler_Table_Limit</name>
         <value>0xc270</value>
      </symbol>
      <symbol id="sm-67">
         <name>binit</name>
         <value>0xffffffff</value>
      </symbol>
      <symbol id="sm-68">
         <name>__binit__</name>
         <value>0xffffffff</value>
      </symbol>
      <symbol id="sm-69">
         <name>__STACK_SIZE</name>
         <value>0x50</value>
      </symbol>
      <symbol id="sm-6a">
         <name>__STACK_END</name>
         <value>0x400</value>
      </symbol>
      <symbol id="sm-6b">
         <name>__c_args__</name>
         <value>0xffffffff</value>
      </symbol>
      <symbol id="sm-cd">
         <name>Speed</name>
         <value>0x202</value>
      </symbol>
      <symbol id="sm-ce">
         <name>Temp</name>
         <value>0x204</value>
      </symbol>
      <symbol id="sm-cf">
         <name>Battery_Voltage</name>
         <value>0x200</value>
      </symbol>
      <symbol id="sm-d0">
         <name>__TI_int09</name>
         <value>0xfff2</value>
         <object_component_ref idref="oc-44"/>
      </symbol>
      <symbol id="sm-d1">
         <name>Speed_Pole</name>
         <value>0xc1e4</value>
         <object_component_ref idref="oc-114"/>
      </symbol>
      <symbol id="sm-d2">
         <name>Battery_Monitor</name>
         <value>0xc14e</value>
         <object_component_ref idref="oc-10e"/>
      </symbol>
      <symbol id="sm-d3">
         <name>Temp_Monitor</name>
         <value>0xc188</value>
         <object_component_ref idref="oc-11a"/>
      </symbol>
      <symbol id="sm-d4">
         <name>main</name>
         <value>0xc000</value>
         <object_component_ref idref="oc-dc"/>
      </symbol>
      <symbol id="sm-d5">
         <name>Timer_A</name>
         <value>0xc10a</value>
         <object_component_ref idref="oc-af"/>
      </symbol>
      <symbol id="sm-de">
         <name>_stack</name>
         <value>0x3b0</value>
         <object_component_ref idref="oc-8c"/>
      </symbol>
      <symbol id="sm-df">
         <name>_reset_vector</name>
         <value>0xfffe</value>
         <object_component_ref idref="oc-8f"/>
      </symbol>
      <symbol id="sm-ea">
         <name>_c_int00_noargs_noexit</name>
         <value>0xc208</value>
         <object_component_ref idref="oc-68"/>
      </symbol>
      <symbol id="sm-104">
         <name>__TI_zero_init</name>
         <value>0xc238</value>
         <object_component_ref idref="oc-4a"/>
      </symbol>
      <symbol id="sm-110">
         <name>__mspabi_remi</name>
         <value>0xc1b8</value>
         <object_component_ref idref="oc-123"/>
      </symbol>
      <symbol id="sm-111">
         <name>__mspabi_divi</name>
         <value>0xc1b8</value>
         <object_component_ref idref="oc-123"/>
      </symbol>
      <symbol id="sm-11b">
         <name>__mspabi_remu</name>
         <value>0xc222</value>
         <object_component_ref idref="oc-14b"/>
      </symbol>
      <symbol id="sm-11c">
         <name>__mspabi_divu</name>
         <value>0xc222</value>
         <object_component_ref idref="oc-14b"/>
      </symbol>
      <symbol id="sm-125">
         <name>__mspabi_func_epilog_2</name>
         <value>0xc256</value>
         <object_component_ref idref="oc-105"/>
      </symbol>
      <symbol id="sm-126">
         <name>__mspabi_func_epilog_3</name>
         <value>0xc254</value>
         <object_component_ref idref="oc-105"/>
      </symbol>
      <symbol id="sm-127">
         <name>__mspabi_func_epilog_1</name>
         <value>0xc258</value>
         <object_component_ref idref="oc-105"/>
      </symbol>
      <symbol id="sm-128">
         <name>__mspabi_func_epilog_6</name>
         <value>0xc24e</value>
         <object_component_ref idref="oc-105"/>
      </symbol>
      <symbol id="sm-129">
         <name>__mspabi_func_epilog_7</name>
         <value>0xc24c</value>
         <object_component_ref idref="oc-105"/>
      </symbol>
      <symbol id="sm-12a">
         <name>__mspabi_func_epilog_4</name>
         <value>0xc252</value>
         <object_component_ref idref="oc-105"/>
      </symbol>
      <symbol id="sm-12b">
         <name>__mspabi_func_epilog_5</name>
         <value>0xc250</value>
         <object_component_ref idref="oc-105"/>
      </symbol>
      <symbol id="sm-136">
         <name>C$$EXIT</name>
         <value>0xc266</value>
         <object_component_ref idref="oc-e4"/>
      </symbol>
      <symbol id="sm-137">
         <name>abort</name>
         <value>0xc266</value>
         <object_component_ref idref="oc-e4"/>
      </symbol>
      <symbol id="sm-13b">
         <name>__TI_int00</name>
         <value>0xffe0</value>
         <object_component_ref idref="oc-3d"/>
      </symbol>
      <symbol id="sm-13e">
         <name>__TI_int02</name>
         <value>0xffe4</value>
         <object_component_ref idref="oc-3e"/>
      </symbol>
      <symbol id="sm-141">
         <name>__TI_int03</name>
         <value>0xffe6</value>
         <object_component_ref idref="oc-3f"/>
      </symbol>
      <symbol id="sm-144">
         <name>__TI_int05</name>
         <value>0xffea</value>
         <object_component_ref idref="oc-40"/>
      </symbol>
      <symbol id="sm-147">
         <name>__TI_int06</name>
         <value>0xffec</value>
         <object_component_ref idref="oc-41"/>
      </symbol>
      <symbol id="sm-14a">
         <name>__TI_int07</name>
         <value>0xffee</value>
         <object_component_ref idref="oc-42"/>
      </symbol>
      <symbol id="sm-14d">
         <name>__TI_int08</name>
         <value>0xfff0</value>
         <object_component_ref idref="oc-43"/>
      </symbol>
      <symbol id="sm-150">
         <name>__TI_int10</name>
         <value>0xfff4</value>
         <object_component_ref idref="oc-45"/>
      </symbol>
      <symbol id="sm-153">
         <name>__TI_int11</name>
         <value>0xfff6</value>
         <object_component_ref idref="oc-46"/>
      </symbol>
      <symbol id="sm-156">
         <name>__TI_int12</name>
         <value>0xfff8</value>
         <object_component_ref idref="oc-47"/>
      </symbol>
      <symbol id="sm-159">
         <name>__TI_int13</name>
         <value>0xfffa</value>
         <object_component_ref idref="oc-48"/>
      </symbol>
      <symbol id="sm-15c">
         <name>__TI_int14</name>
         <value>0xfffc</value>
         <object_component_ref idref="oc-49"/>
      </symbol>
      <symbol id="sm-164">
         <name>__TI_ISR_TRAP</name>
         <value>0xc25c</value>
         <object_component_ref idref="oc-aa"/>
      </symbol>
      <symbol id="sm-16f">
         <name>_system_pre_init</name>
         <value>0xc262</value>
         <object_component_ref idref="oc-bc"/>
      </symbol>
      <symbol id="sm-189">
         <name>_auto_init</name>
         <value>0xc0b2</value>
         <object_component_ref idref="oc-c2"/>
      </symbol>
      <symbol id="sm-18b">
         <name>__TI_INITARRAY_Base</name>
         <value>0x0</value>
      </symbol>
      <symbol id="sm-18c">
         <name>__TI_INITARRAY_Limit</name>
         <value>0x0</value>
      </symbol>
   </symbol_table>
   <title>Link successful</title>
</link_info>
